-- phpMyAdmin SQL Dump
-- version 4.9.2
-- https://www.phpmyadmin.net/
--
-- Host: 127.0.0.1
-- Creato il: Giu 26, 2020 alle 10:47
-- Versione del server: 10.4.10-MariaDB
-- Versione PHP: 7.3.12

SET SQL_MODE = "NO_AUTO_VALUE_ON_ZERO";
SET AUTOCOMMIT = 0;
START TRANSACTION;
SET time_zone = "+00:00";


/*!40101 SET @OLD_CHARACTER_SET_CLIENT=@@CHARACTER_SET_CLIENT */;
/*!40101 SET @OLD_CHARACTER_SET_RESULTS=@@CHARACTER_SET_RESULTS */;
/*!40101 SET @OLD_COLLATION_CONNECTION=@@COLLATION_CONNECTION */;
/*!40101 SET NAMES utf8mb4 */;

--
-- Database: `cinema`
--

-- --------------------------------------------------------

--
-- Struttura della tabella `film`
--

CREATE TABLE `film` (
  `cod` int(11) NOT NULL,
  `titolo` varchar(100) NOT NULL,
  `genere` varchar(100) DEFAULT NULL,
  `durata` int(11) NOT NULL,
  `anno` year(4) DEFAULT NULL,
  `regia` varchar(100) DEFAULT NULL,
  `cast` varchar(200) DEFAULT NULL,
  `trama` longtext NOT NULL,
  `immagine` longtext NOT NULL
) ENGINE=InnoDB DEFAULT CHARSET=utf8mb4;

--
-- Dump dei dati per la tabella `film`
--

INSERT INTO `film` (`cod`, `titolo`, `genere`, `durata`, `anno`, `regia`, `cast`, `trama`, `immagine`) VALUES
(1, '<span xml:lang=\"en\">Zombieland</span> - Doppio colpo', 'azione, fantascienza, commedia, orrore', 96, 2019, '<span xml:lang=\"en\">Ruben Fleische</span>', '<span xml:lang=\"en\">Woody Harrelson, Jesse Eisenberg, Emma Stone, Abigail Breslin, Amber Heard, Bill Murray, Mike White, Derek Graf</span> ', 'Dieci anni dopo gli eventi narrati in Benvenuti a <span xml:lang=\"en\">Zombieland</span>, <span xml:lang=\"en\">Columbus</span>  insieme a <span xml:lang=\"en\">Tallahassee, Wichita</span> e <span xml:lang=\"en\">Little Rock</span>  si è trasferito all\'interno della Casa Bianca, dove ha situato la propria \"base operativa\". In seguito a un litigio tra lui e <span xml:lang=\"en\">Wichita</span>, quest\'ultima e la sorella <span xml:lang=\"en\">Little Rock</span> decidono di lasciare il gruppo. Poco dopo tuttavia <span xml:lang=\"en\">Wichita</span> viene abbandonata da <span xml:lang=\"en\">Little Rock</span> che fugge con un ragazzo conosciuto da poco, <span xml:lang=\"en\">Berkeley</span>; <span xml:lang=\"en\">Columbus, Tallahassee</span> e <span xml:lang=\"en\">Wichita</span> si mettono così alla ricerca della ragazza. Nel frattempo, gli <span xml:lang=\"en\">zombie</span> si sono però evoluti, tanto da dividersi in tre differenti categorie: <span xml:lang=\"en\">Homer, Hawking</span> e <span xml:lang=\"jp\">Ninja</span>, fino alla comparsa di una quarta, definita T-800, estremamente letale.', 'images/covers/box2.png'),
(2, '<span xml:lang=\"en\">Joker</span>', 'drammatico, poliziesco, <span xml:lang=\"en\">thriller</span>, <span xml:lang=\"fr\">noir</span>', 123, 2019, '<span xml:lang=\"en\">Todd Phillips</span>', '<span xml:lang=\"en\">Joaquin Phoenix Arthur, Robert De Niro, Zazie Beetz, Frances Conroy, Glenn Fleshler, Bill Camp, Shea Whigham, Marc Maron</span>', '<span xml:lang=\"en\">Arthur Fleck</span> è un individuo profondamente alienato che, nella <span xml:lang=\"en\">Gotham City</span> del 1981 sempre più preda del degrado e della disuguaglianza sociale, vive con l\'anziana madre <span xml:lang=\"en\">Penny</span> in un appartamento dei bassifondi. Oltre ad essere depresso, l\'uomo soffre di un raro disturbo (simile alla sindrome pseudobulbare) che gli provoca improvvisi e incontrollabili attacchi di risate, specie in momenti di forte tensione. Il suo sogno è diventare un cabarettista come il suo idolo, il presentatore televisivo <span xml:lang=\"en\">Murray Franklin</span>, ma la mancanza del talento necessario lo costringe a guadagnarsi da vivere come <span xml:lang=\"en\">clown</span>. La sua squallida routine è risollevata solo dalle fugaci visioni di <span xml:lang=\"en\">Sophie Dumond</span>, la vicina di casa di cui si è invaghito dopo che lei gli ha rivolto una parola gentile in ascensore.', 'images/covers/box3.png'),
(3, 'Sono solo fantasmi', 'commedia, fantastico, orrore', 94, 2019, '<span xml:lang=\"en\">Christian</span> De Sica, Brando De Sica', '<span xml:lang=\"en\">Christian</span> De Sica, Gianmarco Tognazzi, Carlo Buccirosso, Leo Gullotta, Claudio Insegno', '<span xml:lang=\"en\">Thomas</span>, Carlo e Ugo sono tre fratelli nati da madri diverse. Un giorno i tre arrivano a Napoli, sperando in un\'eredità che però tarda ad arrivare: decidono quindi di improvvisarsi acchiappafantasmi.', 'images/covers/box4.png'),
(4, '<span xml:lang=\"en\">Light of my life</span>', 'drammatico', 119, 2019, '<span xml:lang=\"en\">Casey Affleck</span>', '<span xml:lang=\"en\">Casey Affleck</span>, Anna <span xml:lang=\"en\">Pniowsky, Elisabeth Moss, Tom Bower, Timothy Webber</span>', 'In un mondo post-apocalittico, flagellato da una piaga che ha quasi del tutto estinto il genere femminile, un uomo viaggia attraverso gli Stati Uniti alla ricerca di un posto sicuro dove poter crescere sua figlia Rag.', 'images/covers/box5.png'),
(5, 'Cetto c\'è, senzadubbiamente', 'commedia', 93, 2019, 'Giulio Manfredonia', 'Antonio Albanese, Nicola Rignanese, Caterina Shulha, Aurora Quattrocchi, Gianfelice Imparato, Davide Giordano', 'Cetto La Qualunque, dopo le esperienze in politica, si è rifatto una vita in Germania, dove vive da quattro anni assieme alla bella Petra, alla figlia e al fido Pino. Una sera, di rientro da una cena con i suoceri, riceve una telefonata che lo informa che la sua anziana zia è sul letto di morte: rientrato al paese Cetto viene informato da quest\'ultima sulle sue vere origini, in quanto la donna gli rivela che suo padre non era un rappresentante porta a porta di detersivi come gli avevano sempre detto ma il principe Buffo di Calabria e che pertanto anche lui è di sangue reale.Cetto, che cerca inutilmente conferma di questi suoi nobili natali dalla ex moglie Carmen (fattasi suora) e che rimane sbalordito dalle novità introdotte nel comune di Marina di Sopra dal figlio Melo (divenuto sindaco), viene quindi avvicinato dal conte Venanzio, che lo spinge ad accettare la sua nobiltà e ad aspirare a ricreare il regno borbonico delle Due Sicilie: la democrazia ha ormai fallito in Italia e Cetto è l\'uomo giusto per ritornare alla monarchia. Cetto e i suoi vecchi amici, tuttavia, mostrano non poche difficoltà ad adattarsi al nuovo contesto in cui devono vivere e per di più devono smentire Ferdinando Buffo di Calabria, nipote del padre di Cetto, che lo spinge ad un test del DNA per dimostrare il suo effettivo legame di sangue con il nobile; Cetto è inoltre costretto a lasciare Petra per sposare, secondo le indicazioni di Venanzio, l\'infanta di Portogallo, così da solidificare il suo regno. La donna lo lascia promettendo però vendetta.', 'images/covers/box6.png'),
(6, 'Le ragazze di <span xml:lang=\"en\">Wall Street, Business Is Business</span>', 'commedia, drammatico, </span>thriller</span>', 110, 2019, '<span xml:lang=\"en\">Lorene Scafaria</span>', '<span xml:lang=\"en\">Constance Wu, Jennifer Lopez, Julia Stiles, Keke Palmer, Lili Reinhart, Lizzo, Cardi B, Mercedes Ruehl</span>', '2014. L\'ex <span xml:lang=\"en\">stripper Destiny</span> concede un\'intervista ad <span xml:lang=\"en\">Elizabeth</span>, una giornalista che sta lavorando ad un caso che coinvolge una sua ex amica e mentore, Ramona Vega. 2007. <span xml:lang=\"en\">Dorothy</span>, conosciuta con il suo nome da <span xml:lang=\"en\">stripper Destiny</span>, lavora al <span xml:lang=\"en\">Moves</span>, uno <span xml:lang=\"en\">strip club</span> di <span xml:lang=\"en\">New York</span> per supportare economicamente sua nonna. Affascinata dalle sue performance, incontra sul tetto del locale Ramona, una donna forte e determinata che sa gestire il lavoro che fa. Le due iniziano a lavorare insieme e riscuotono molto successo con i loro clienti: uomini d\'affari di <span xml:lang=\"en\">Wall Street</span> disposti a pagare prezzi molto alti per balletti e spogliarelli delle ragazze. Un anno dopo, con la crisi economica del 2008, le cose cambiano ed entrambe le donne iniziano a trovarsi a corto di denaro, poiché pochi uomini frequentano il locale e spendono sempre meno. <span xml:lang=\"en\">Destiny</span> rimane incinta ma litiga col fidanzato poco dopo la nascita della loro figlia <span xml:lang=\"en\">Lily</span> e non riesce a trovare un nuovo lavoro. Senza altra scelta, <span xml:lang=\"en\">Destiny</span> torna al suo vecchio lavoro. Il locale è ormai cambiato: esso è frequentato da <span xml:lang=\"en\">stripper</span> immigrate che, per soldi, sono costrette ad avere rapporti sessuali con i clienti, una linea che <span xml:lang=\"en\">Destiny</span> si rifiuta di oltrepassare, ma che infrange nei momenti più disperati. Rincontra Ramona, che la introduce a un nuovo schema: insieme ad altre due <span xml:lang=\"en\">stripper, Mercedes e Annabelle</span>, la donna inquadra ricchi uomini ad altri bar, li droga e li porta al <span xml:lang=\"en\">Moves</span>, dove le ragazze rubano la loro carta di credito e la ricaricano al massimo senza farsi scoprire. <span xml:lang=\"en\">Destiny</span> decide di unirsi al gruppo.', 'images/covers/box7.png'),
(7, '<span xml:lang=\"en\">Top Gun: Maverick</span>', 'azione, drammatico', 95, 2020, '<span xml:lang=\"en\">Joseph Kosinski</span>', '<span xml:lang=\"en\">Tom Cruise, Jennifer Connelly, Jon Hamm, Val Kilmer,</span> Monica Barbaro, <span xml:lang=\"en\">Miles Telle</span>', 'Ambientato 34 anni dopo i fatti del primo film, la pellicola vede il leggendario capitano Pete <span xml:lang=\"en\">\"Maverick\" Mitchell</span>, nuovo istruttore di volo della scuola di piloti <span xml:lang=\"en\">\"Top Gun\"</span>, fare da mentore e guida a <span xml:lang=\"en\">Bradley</span>, figlio dello scomparso compagno di volo <span xml:lang=\"en\">Goose</span>, che cerca di diventare un aviatore come il padre.', 'images/covers/box8.png'),
(8, '<span xml:lang=\"fr\">Le Mans</span> \'66 - La grande sfida', 'drammatico, biografico, sportivo', 152, 2019, '<span xml:lang=\"en\">James Mangold</span>', '<span xml:lang=\"en\">Matt Damon, Christian Bale, Jon Bernthal, Caitriona Balfe, Josh Lucas, Noah Jupe, Tracy Letts,</span> Remo Girone', '<span xml:lang=\"en\">Detroit</span>, 1966. La <span xml:lang=\"en\">Ford</span>, colosso automobilistico, è in crisi di vendite e <span xml:lang=\"en\">Henry Ford</span> II chiede ai suoi manager di non ripresentarsi al lavoro se non con un\'idea vincente. <span xml:lang=\"en\">Lee Iacocca</span>, sfidando lo scetticismo generale, suggerisce di scendere in pista per vincere la prestigiosa 24 Ore di <span xml:lang=\"fr\">Le Mans</span>, la corsa più famosa al mondo, in modo da rilanciare l\'immagine del marchio; ma ci sarà da fare i conti con l\'apparentemente invincibile Ferrari, che ha già rifiutato un\'offerta di collaborazione. Si intrecciano quindi le storie di <span xml:lang=\"en\">Carroll Shelby</span>, ex pilota e progettista della <span xml:lang=\"en\">Ford</span> GT40, e di <span xml:lang=\"en\">Ken Miles</span>, collaudatore e pilota di origine britannica, cui è affidato il compito di guidare in pista il prototipo.', 'images/covers/box.png'),
(9, '<span xml:lang=\"en\">Dune</span>', 'fantascienza', 137, 2020, '<span xml:lang=\"en\">David Lynch</span>', '<span xml:lang=\"en\">Timothée Chalamet,</span> Rebecca <span xml:lang=\"en\">Ferguson, Dave Bautista, Stellan Skarsgård, Charlotte Rampling</span>', 'Le forze in tutto l\'universo si affrontano su una rara esportazione che può essere trovata solo sul pianeta deserto <span xml:lang=\"en\">Dune</span>. Il duca <span xml:lang=\"en\">Leto Atreides</span> è stato inviato per assicurarlo, portando suo figlio <span xml:lang=\"en\">Paul</span>, che ha un destino ancora più grande che trascende al di là della loro gente. <span xml:lang=\"en\">Denis Villeneuve</span> dirige questa epopea di fantascienza, basata sull\'omonimo romanzo di successo di <span xml:lang=\"en\">Frank Herbert</span>. Questa rivisitazione vede protagonisti <span xml:lang=\"en\">Timothée Chalamet, </span>Rebecca <span xml:lang=\"en\">Ferguson e Oscar Isaac</span>. Il duca <span xml:lang=\"en\">Leto Atreides (Oscar Isaac)</span> è stato incaricato di lasciare il suo pianeta oceanico, <span xml:lang=\"en\">Caladan</span>, e di viaggiare verso il pericoloso pianeta desertico di <span xml:lang=\"en\">Arrakis</span> - altrimenti noto come <span xml:lang=\"en\">Dune</span>. La sua missione: Metti le mani sulla merce più preziosa dell\'universo, una spezia che può sbloccare un potere eccezionale. Sembra un po\' una trappola creata dagli <span xml:lang=\"en\">Harkonnen</span>, ma Leto decide di andare comunque, portando con sé la sua concubina <span xml:lang=\"en\">Bene Gesserit, Lady</span> Jessica (Rebecca <span xml:lang=\"en\">Ferguson</span>), e il figlio <span xml:lang=\"en\">Paul (Timothée Chalamet</span>). Per tutto il tempo, <span xml:lang=\"en\">Paul</span> ha fatto strani sogni che fanno credere a chi gli sta intorno che ha un destino importantissimo. Quando gli <span xml:lang=\"en\">Atreides</span> vengono traditi, <span xml:lang=\"en\">Lady Jessica</span> e <span xml:lang=\"en\">Paul</span> si rivolgono ai nativi di <span xml:lang=\"en\">Dune</span>, i <span xml:lang=\"en\">Fremen</span>, per chiedere aiuto. Con la guerra che scoppia intorno a loro per la spezia, <span xml:lang=\"en\">Paul</span> crede di poter realizzare il destino predetto nei suoi sogni.', 'images/covers/box9.png'),
(10, '<span xml:lang=\"en\">A Quiet Place II</span>', 'orrore, fantascienza, <span xml:lang=\"en\">thriller</span>, drammatico', 96, 2020, '<span xml:lang=\"en\">John Krasinski</span>', '<span xml:lang=\"en\">Emily Blunt, Cillian Murph,y Noah Jupe, Millicent Simmonds, Djimon Hounsou</span>', '<span xml:lang=\"en\">Evelyn Abbott (Emily Blunt)</span> e i suoi figli sono in fuga. Da quando una razza aliena viziosa con l\'udito umano super ha invaso la terra, attaccando tutto ciò che emette un suono, gli umani e gli animali sono stati decimati e gli <span xml:lang=\"en\">Abbotts</span> sono stati cacciati dalla loro casa un tempo sicura. Silenziosamente, per non attirare l\'attenzione dei predatori extra-terrestri, escono solo con un fucile da caccia e scarse provviste.', 'images/covers/box10.png'),
(11, '<span xml:lang=\"fr\">Tenet</span>', '	azione, fantascienza, spionaggio, <span xml:lang=\"en\">thriller</span>', 122, 2020, '<span xml:lang=\"en\">Christopher Nolan</span>', '<span xml:lang=\"en\">Elizabeth Debicki, Robert Pattinson, John David Washington, Aaron Taylor-Johnson, Kenneth Branagh</span>', 'Si è sacrificato per salvare i suoi colleghi. Ha superato il test. Ora c\'è bisogno di lui per combattere una minaccia terribile, più spaventosa di una terza guerra mondiale. Scritto e diretto da <span xml:lang=\"en\">Christopher Nolan</span>, <span xml:lang=\"fr\">Tenet</span> è un <span xml:lang=\"en\">thriller</span> psicologico e adrenalinico con protagonisti <span xml:lang=\"en\">John David Washington, Elizabeth Debicki e Robert Pattinson</span>.', 'images/covers/box11.png'),
(12, '<span xml:lang=\"en\">No Time to Die</span>', 'avventura, azione, spionaggio, <span xml:lang=\"en\">thriller</span>', 163, 2020, '<span xml:lang=\"en\">Cary</span> <span xml:lang=\"jp\">Fukunaga</span>', '<span xml:lang=\"en\">Daniel Craig, Léa Seydoux, Ralph Fiennes, Naomie Harris, Ben Whishaw, Rory Kinnear</span>', 'La pensione non è adatta a <span xml:lang=\"en\">James Bond</span>. Quando un vecchio amico si presenta al suo ritiro giamaicano che ha bisogno di aiuto, la spia viene presa in una missione molto più infida di quanto nemmeno si potesse aspettarsi. <span xml:lang=\"en\">Léa Seydoux, Daniel Craig, Ralph Fiennes e Rami Malek</span> recitano nel 25 ° film della serie <span xml:lang=\"en\">Bond</span>. Dopo aver lasciato il servizio attivo, <span xml:lang=\"en\">James Bond (Daniel Craig)</span> trascorre la pensione sentendo il peso della separazione da <span xml:lang=\"en\">Madeleine (Léa Seydoux)</span>. La sua solitudine è fugace, tuttavia, quando <span xml:lang=\"en\">Felix Leiter (Jeffrey Wright</span>), un vecchio amico della CIA, si presenta inaspettatamente.', 'images/covers/box12.png'),
(13, 'Si vive una volta sola', 'commedia, drammatico', 105, 2020, 'Carlo Verdone', 'Carlo Verdone, Anna Foglietta, Rocco Papaleo, Max Tortora, Mariana Falace, Sergio Muniz', 'È la storia di quattro eccellenti medici, scelti persino dal Vaticano per una delicata operazione al Santo Padre per la loro bravura. Il Professor Umberto Gastaldi (Carlo Verdone), il suo aiuto, il Dottor Pezzella (Max Tortora), l\'anestesista Lasalandra (Rocco Papaleo), e la strumentista Lucia Santilli (Anna Foglietta).\r\nI 4 sono così bravi nella loro professione quanto disastrati nelle loro vite private. Gastaldi litiga con una figlia-soubrette di cui si vergogna per le partecipazioni televisive a cui la ragazza prende parte con grande riscontro del pubblico, Pezzella è un uomo a cui piace la bella vita e le donne ma è sposato, Santilli è sempre alle prese con uomini che la lasciano e giocano coi suoi sentimenti e Lasalandra è il bersaglio degli scherzi degli altri tre.\r\nAnche fuori dal lavoro, si ritrovano sempre tra di loro facendo scherzi sempre più pesanti al povero Lasalandra. Durante un controllo di routine al quale l\'equipe si sottopone ogni tanto, Gastaldi scopre che a Lasalandra mancano ormai pochi mesi di vita. Non sa come dirlo, si confronta con gli altri 2 amici e, non riuscendo a dirglielo subito, partono alla volta della Puglia, per una vacanza dove pensano di avere una migliore occasione per parlare con l\'amico malato. Tra scherzi, e situazioni varie il film scorre verso il finale in cui, forse, questi amici e questa amicizia, uscirà cambiata e molto migliorata.', 'images/covers/box13.png'),
(14, 'Assassinio sul Nilo', ' giallo, drammatico, <span xml:lang=\"en\">thriller</span>', 140, 2020, '<span xml:lang=\"en\">Kenneth Branagh</span>', '<span xml:lang=\"en\">Jodie Comer, Gal Gadot, Armie Hammer, Kenneth Branagh, Tom Bateman, Annette Bening</span>', 'Il detective <span xml:lang=\"fr\">Hercule Poirot</span> si gira in Egitto dove deve capire chi ha ucciso una giovane erede. <span xml:lang=\"en\">Kenneth Branagh</span> diventa di nuovo <span xml:lang=\"fr\">Poirot</span>, dirigendo e interpretando accanto a <span xml:lang=\"en\">Gal Gadot, Letitia Wright e Armie Hammer</span> in questo adattamento del romanzo omonimo di <span xml:lang=\"en\">Agatha Christie</span> con lo stesso nome e sequel dell\'omicidio del 2017 sull\'<span xml:lang=\"en\">Orient Express</span>.', 'images/covers/box14.png'),
(15, '<span xml:lang=\"en\">The Grudge</span>', 'orrore', 94, 2020, 'Nicolas Pesce', 'Andrea <span xml:lang=\"en\">Riseborough, Betty Gilpin, Lin Shaye, Demian Bichir, John Cho, William Sadler, Jacki Weaver, Frankie Faison</span>', 'Al centro della vicenda, questa volta una madre single e detective della polizia interpretata dalla <span xml:lang=\"en\">Riseborough</span> che si trova ad indagare, coinvolta da un agente immobiliare (<span xml:lang=\"en\">John Cho</span) sulle presenze di una casa che sembra abitata da un fantasma in cerca di vendetta.', 'images/covers/box15.png'),
(16, '<span xml:lang=\"en\">Sonic</span> - Il Film', 'animazione, avventura, azione', 100, 2020, '<span xml:lang=\"en\">Jeff Fowler</span>', '<span xml:lang=\"en\">James Marsden, Jim Carrey, Neal McDonough, Ben Schwartz, Adam Pally, Tika Sumpter</span>', 'Basato sul famosissimo franchise videoludico Sega, il film racconta la storia del riccio più veloce del mondo e della sua incredibile avventura nella sua \'nuova casa\', la Terra.', 'images/covers/box16.png');

-- --------------------------------------------------------

--
-- Struttura della tabella `prenotazione`
--

CREATE TABLE `prenotazione` (
  `proiezione` int(11) NOT NULL,
  `utente` varchar(30) NOT NULL,
  `posti` int(11) DEFAULT 1
) ENGINE=InnoDB DEFAULT CHARSET=utf8mb4;

--
-- Dump dei dati per la tabella `prenotazione`
--

INSERT INTO `prenotazione` (`proiezione`, `utente`, `posti`) VALUES
(801, 'mariorossi', 5),
(804, 'user', 5),
(805, 'utente', 7),
(835, 'user', 1),
(836, 'mariorossi', 3),
(838, 'utente', 2),
(841, 'mariorossi', 1),
(842, 'utente', 1),
(846, 'user', 3);

-- --------------------------------------------------------

--
-- Struttura della tabella `programmazione`
--

CREATE TABLE `programmazione` (
  `cod` int(11) NOT NULL,
  `film` int(11) DEFAULT NULL,
  `data` date NOT NULL,
  `ora` time NOT NULL,
  `sala` varchar(20) DEFAULT NULL
) ENGINE=InnoDB DEFAULT CHARSET=utf8mb4;

--
-- Dump dei dati per la tabella `programmazione`
--

INSERT INTO `programmazione` (`cod`, `film`, `data`, `ora`, `sala`) VALUES
(1, 12, '2020-09-01', '16:00:00', 'A'),
(2, 5, '2020-09-01', '17:00:00', 'B'),
(3, 4, '2020-09-01', '17:30:00', 'C'),
(4, 16, '2020-09-01', '18:00:00', 'A'),
(5, 14, '2020-09-01', '19:30:00', 'B'),
(6, 1, '2020-09-01', '20:00:00', 'C'),
(7, 9, '2020-09-01', '22:00:00', 'A'),
(8, 6, '2020-09-01', '22:30:00', 'B'),
(9, 15, '2020-09-01', '23:00:00', 'C'),
(10, 3, '2020-09-02', '16:00:00', 'A'),
(11, 7, '2020-09-02', '17:00:00', 'B'),
(12, 2, '2020-09-02', '17:30:00', 'C'),
(13, 11, '2020-09-02', '18:00:00', 'A'),
(14, 13, '2020-09-02', '19:30:00', 'B'),
(15, 10, '2020-09-02', '20:00:00', 'C'),
(16, 8, '2020-09-02', '22:00:00', 'A'),
(17, 12, '2020-09-02', '22:30:00', 'B'),
(18, 5, '2020-09-02', '23:00:00', 'C'),
(19, 4, '2020-09-03', '16:00:00', 'A'),
(20, 16, '2020-09-03', '17:00:00', 'B'),
(21, 14, '2020-09-03', '17:30:00', 'C'),
(22, 1, '2020-09-03', '18:00:00', 'A'),
(23, 9, '2020-09-03', '19:30:00', 'B'),
(24, 6, '2020-09-03', '20:00:00', 'C'),
(25, 15, '2020-09-03', '22:00:00', 'A'),
(26, 3, '2020-09-03', '22:30:00', 'B'),
(27, 7, '2020-09-03', '23:00:00', 'C'),
(28, 2, '2020-09-04', '16:00:00', 'A'),
(29, 11, '2020-09-04', '17:00:00', 'B'),
(30, 13, '2020-09-04', '17:30:00', 'C'),
(31, 10, '2020-09-04', '18:00:00', 'A'),
(32, 8, '2020-09-04', '19:30:00', 'B'),
(33, 12, '2020-09-04', '20:00:00', 'C'),
(34, 5, '2020-09-04', '22:00:00', 'A'),
(35, 4, '2020-09-04', '22:30:00', 'B'),
(36, 16, '2020-09-04', '23:00:00', 'C'),
(37, 14, '2020-09-05', '16:00:00', 'A'),
(38, 1, '2020-09-05', '17:00:00', 'B'),
(39, 9, '2020-09-05', '17:30:00', 'C'),
(40, 6, '2020-09-05', '18:00:00', 'A'),
(41, 15, '2020-09-05', '19:30:00', 'B'),
(42, 3, '2020-09-05', '20:00:00', 'C'),
(43, 7, '2020-09-05', '22:00:00', 'A'),
(44, 2, '2020-09-05', '22:30:00', 'B'),
(45, 11, '2020-09-05', '23:00:00', 'C'),
(46, 13, '2020-09-06', '16:00:00', 'A'),
(47, 10, '2020-09-06', '17:00:00', 'B'),
(48, 8, '2020-09-06', '17:30:00', 'C'),
(49, 12, '2020-09-06', '18:00:00', 'A'),
(50, 5, '2020-09-06', '19:30:00', 'B'),
(51, 4, '2020-09-06', '20:00:00', 'C'),
(52, 16, '2020-09-06', '22:00:00', 'A'),
(53, 14, '2020-09-06', '22:30:00', 'B'),
(54, 1, '2020-09-06', '23:00:00', 'C'),
(55, 9, '2020-09-07', '16:00:00', 'A'),
(56, 6, '2020-09-07', '17:00:00', 'B'),
(57, 15, '2020-09-07', '17:30:00', 'C'),
(58, 3, '2020-09-07', '18:00:00', 'A'),
(59, 7, '2020-09-07', '19:30:00', 'B'),
(60, 2, '2020-09-07', '20:00:00', 'C'),
(61, 11, '2020-09-07', '22:00:00', 'A'),
(62, 13, '2020-09-07', '22:30:00', 'B'),
(63, 10, '2020-09-07', '23:00:00', 'C'),
(64, 8, '2020-09-08', '16:00:00', 'A'),
(65, 12, '2020-09-08', '17:00:00', 'B'),
(66, 5, '2020-09-08', '17:30:00', 'C'),
(67, 4, '2020-09-08', '18:00:00', 'A'),
(68, 16, '2020-09-08', '19:30:00', 'B'),
(69, 14, '2020-09-08', '20:00:00', 'C'),
(70, 1, '2020-09-08', '22:00:00', 'A'),
(71, 9, '2020-09-08', '22:30:00', 'B'),
(72, 6, '2020-09-08', '23:00:00', 'C'),
(73, 15, '2020-09-09', '16:00:00', 'A'),
(74, 3, '2020-09-09', '17:00:00', 'B'),
(75, 7, '2020-09-09', '17:30:00', 'C'),
(76, 2, '2020-09-09', '18:00:00', 'A'),
(77, 11, '2020-09-09', '19:30:00', 'B'),
(78, 13, '2020-09-09', '20:00:00', 'C'),
(79, 10, '2020-09-09', '22:00:00', 'A'),
(80, 8, '2020-09-09', '22:30:00', 'B'),
(81, 12, '2020-09-09', '23:00:00', 'C'),
(82, 5, '2020-09-10', '16:00:00', 'A'),
(83, 4, '2020-09-10', '17:00:00', 'B'),
(84, 16, '2020-09-10', '17:30:00', 'C'),
(85, 14, '2020-09-10', '18:00:00', 'A'),
(86, 1, '2020-09-10', '19:30:00', 'B'),
(87, 9, '2020-09-10', '20:00:00', 'C'),
(88, 6, '2020-09-10', '22:00:00', 'A'),
(89, 15, '2020-09-10', '22:30:00', 'B'),
(90, 3, '2020-09-10', '23:00:00', 'C'),
(91, 7, '2020-09-11', '16:00:00', 'A'),
(92, 2, '2020-09-11', '17:00:00', 'B'),
(93, 11, '2020-09-11', '17:30:00', 'C'),
(94, 13, '2020-09-11', '18:00:00', 'A'),
(95, 10, '2020-09-11', '19:30:00', 'B'),
(96, 8, '2020-09-11', '20:00:00', 'C'),
(97, 12, '2020-09-11', '22:00:00', 'A'),
(98, 5, '2020-09-11', '22:30:00', 'B'),
(99, 4, '2020-09-11', '23:00:00', 'C'),
(100, 16, '2020-09-12', '16:00:00', 'A'),
(101, 14, '2020-09-12', '17:00:00', 'B'),
(102, 1, '2020-09-12', '17:30:00', 'C'),
(103, 9, '2020-09-12', '18:00:00', 'A'),
(104, 6, '2020-09-12', '19:30:00', 'B'),
(105, 15, '2020-09-12', '20:00:00', 'C'),
(106, 3, '2020-09-12', '22:00:00', 'A'),
(107, 7, '2020-09-12', '22:30:00', 'B'),
(108, 2, '2020-09-12', '23:00:00', 'C'),
(109, 11, '2020-09-13', '16:00:00', 'A'),
(110, 13, '2020-09-13', '17:00:00', 'B'),
(111, 10, '2020-09-13', '17:30:00', 'C'),
(112, 8, '2020-09-13', '18:00:00', 'A'),
(113, 12, '2020-09-13', '19:30:00', 'B'),
(114, 5, '2020-09-13', '20:00:00', 'C'),
(115, 4, '2020-09-13', '22:00:00', 'A'),
(116, 16, '2020-09-13', '22:30:00', 'B'),
(117, 14, '2020-09-13', '23:00:00', 'C'),
(118, 1, '2020-09-14', '16:00:00', 'A'),
(119, 9, '2020-09-14', '17:00:00', 'B'),
(120, 6, '2020-09-14', '17:30:00', 'C'),
(121, 15, '2020-09-14', '18:00:00', 'A'),
(122, 3, '2020-09-14', '19:30:00', 'B'),
(123, 7, '2020-09-14', '20:00:00', 'C'),
(124, 2, '2020-09-14', '22:00:00', 'A'),
(125, 11, '2020-09-14', '22:30:00', 'B'),
(126, 13, '2020-09-14', '23:00:00', 'C'),
(127, 10, '2020-09-15', '16:00:00', 'A'),
(128, 8, '2020-09-15', '17:00:00', 'B'),
(129, 12, '2020-09-15', '17:30:00', 'C'),
(130, 5, '2020-09-15', '18:00:00', 'A'),
(131, 4, '2020-09-15', '19:30:00', 'B'),
(132, 16, '2020-09-15', '20:00:00', 'C'),
(133, 14, '2020-09-15', '22:00:00', 'A'),
(134, 1, '2020-09-15', '22:30:00', 'B'),
(135, 9, '2020-09-15', '23:00:00', 'C'),
(136, 6, '2020-09-16', '16:00:00', 'A'),
(137, 15, '2020-09-16', '17:00:00', 'B'),
(138, 3, '2020-09-16', '17:30:00', 'C'),
(139, 7, '2020-09-16', '18:00:00', 'A'),
(140, 2, '2020-09-16', '19:30:00', 'B'),
(141, 11, '2020-09-16', '20:00:00', 'C'),
(142, 13, '2020-09-16', '22:00:00', 'A'),
(143, 10, '2020-09-16', '22:30:00', 'B'),
(144, 8, '2020-09-16', '23:00:00', 'C'),
(145, 12, '2020-09-17', '16:00:00', 'A'),
(146, 5, '2020-09-17', '17:00:00', 'B'),
(147, 4, '2020-09-17', '17:30:00', 'C'),
(148, 16, '2020-09-17', '18:00:00', 'A'),
(149, 14, '2020-09-17', '19:30:00', 'B'),
(150, 1, '2020-09-17', '20:00:00', 'C'),
(151, 9, '2020-09-17', '22:00:00', 'A'),
(152, 6, '2020-09-17', '22:30:00', 'B'),
(153, 15, '2020-09-17', '23:00:00', 'C'),
(154, 3, '2020-09-18', '16:00:00', 'A'),
(155, 7, '2020-09-18', '17:00:00', 'B'),
(156, 2, '2020-09-18', '17:30:00', 'C'),
(157, 11, '2020-09-18', '18:00:00', 'A'),
(158, 13, '2020-09-18', '19:30:00', 'B'),
(159, 10, '2020-09-18', '20:00:00', 'C'),
(160, 8, '2020-09-18', '22:00:00', 'A'),
(161, 12, '2020-09-18', '22:30:00', 'B'),
(162, 5, '2020-09-18', '23:00:00', 'C'),
(163, 4, '2020-09-19', '16:00:00', 'A'),
(164, 16, '2020-09-19', '17:00:00', 'B'),
(165, 14, '2020-09-19', '17:30:00', 'C'),
(166, 1, '2020-09-19', '18:00:00', 'A'),
(167, 9, '2020-09-19', '19:30:00', 'B'),
(168, 6, '2020-09-19', '20:00:00', 'C'),
(169, 15, '2020-09-19', '22:00:00', 'A'),
(170, 3, '2020-09-19', '22:30:00', 'B'),
(171, 7, '2020-09-19', '23:00:00', 'C'),
(172, 2, '2020-09-20', '16:00:00', 'A'),
(173, 11, '2020-09-20', '17:00:00', 'B'),
(174, 13, '2020-09-20', '17:30:00', 'C'),
(175, 10, '2020-09-20', '18:00:00', 'A'),
(176, 8, '2020-09-20', '19:30:00', 'B'),
(177, 12, '2020-09-20', '20:00:00', 'C'),
(178, 5, '2020-09-20', '22:00:00', 'A'),
(179, 4, '2020-09-20', '22:30:00', 'B'),
(180, 16, '2020-09-20', '23:00:00', 'C'),
(181, 14, '2020-09-21', '16:00:00', 'A'),
(182, 1, '2020-09-21', '17:00:00', 'B'),
(183, 9, '2020-09-21', '17:30:00', 'C'),
(184, 6, '2020-09-21', '18:00:00', 'A'),
(185, 15, '2020-09-21', '19:30:00', 'B'),
(186, 3, '2020-09-21', '20:00:00', 'C'),
(187, 7, '2020-09-21', '22:00:00', 'A'),
(188, 2, '2020-09-21', '22:30:00', 'B'),
(189, 11, '2020-09-21', '23:00:00', 'C'),
(190, 13, '2020-09-22', '16:00:00', 'A'),
(191, 10, '2020-09-22', '17:00:00', 'B'),
(192, 8, '2020-09-22', '17:30:00', 'C'),
(193, 12, '2020-09-22', '18:00:00', 'A'),
(194, 5, '2020-09-22', '19:30:00', 'B'),
(195, 4, '2020-09-22', '20:00:00', 'C'),
(196, 16, '2020-09-22', '22:00:00', 'A'),
(197, 14, '2020-09-22', '22:30:00', 'B'),
(198, 1, '2020-09-22', '23:00:00', 'C'),
(199, 9, '2020-09-23', '16:00:00', 'A'),
(200, 6, '2020-09-23', '17:00:00', 'B'),
(201, 15, '2020-09-23', '17:30:00', 'C'),
(202, 3, '2020-09-23', '18:00:00', 'A'),
(203, 7, '2020-09-23', '19:30:00', 'B'),
(204, 2, '2020-09-23', '20:00:00', 'C'),
(205, 11, '2020-09-23', '22:00:00', 'A'),
(206, 13, '2020-09-23', '22:30:00', 'B'),
(207, 10, '2020-09-23', '23:00:00', 'C'),
(208, 8, '2020-09-24', '16:00:00', 'A'),
(209, 12, '2020-09-24', '17:00:00', 'B'),
(210, 5, '2020-09-24', '17:30:00', 'C'),
(211, 4, '2020-09-24', '18:00:00', 'A'),
(212, 16, '2020-09-24', '19:30:00', 'B'),
(213, 14, '2020-09-24', '20:00:00', 'C'),
(214, 1, '2020-09-24', '22:00:00', 'A'),
(215, 9, '2020-09-24', '22:30:00', 'B'),
(216, 6, '2020-09-24', '23:00:00', 'C'),
(217, 15, '2020-09-25', '16:00:00', 'A'),
(218, 3, '2020-09-25', '17:00:00', 'B'),
(219, 7, '2020-09-25', '17:30:00', 'C'),
(220, 2, '2020-09-25', '18:00:00', 'A'),
(221, 11, '2020-09-25', '19:30:00', 'B'),
(222, 13, '2020-09-25', '20:00:00', 'C'),
(223, 10, '2020-09-25', '22:00:00', 'A'),
(224, 8, '2020-09-25', '22:30:00', 'B'),
(225, 12, '2020-09-25', '23:00:00', 'C'),
(226, 5, '2020-09-26', '16:00:00', 'A'),
(227, 4, '2020-09-26', '17:00:00', 'B'),
(228, 16, '2020-09-26', '17:30:00', 'C'),
(229, 14, '2020-09-26', '18:00:00', 'A'),
(230, 1, '2020-09-26', '19:30:00', 'B'),
(231, 9, '2020-09-26', '20:00:00', 'C'),
(232, 6, '2020-09-26', '22:00:00', 'A'),
(233, 15, '2020-09-26', '22:30:00', 'B'),
(234, 3, '2020-09-26', '23:00:00', 'C'),
(235, 7, '2020-09-27', '16:00:00', 'A'),
(236, 2, '2020-09-27', '17:00:00', 'B'),
(237, 11, '2020-09-27', '17:30:00', 'C'),
(238, 13, '2020-09-27', '18:00:00', 'A'),
(239, 10, '2020-09-27', '19:30:00', 'B'),
(240, 8, '2020-09-27', '20:00:00', 'C'),
(241, 12, '2020-09-27', '22:00:00', 'A'),
(242, 5, '2020-09-27', '22:30:00', 'B'),
(243, 4, '2020-09-27', '23:00:00', 'C'),
(244, 16, '2020-09-28', '16:00:00', 'A'),
(245, 14, '2020-09-28', '17:00:00', 'B'),
(246, 1, '2020-09-28', '17:30:00', 'C'),
(247, 9, '2020-09-28', '18:00:00', 'A'),
(248, 6, '2020-09-28', '19:30:00', 'B'),
(249, 15, '2020-09-28', '20:00:00', 'C'),
(250, 3, '2020-09-28', '22:00:00', 'A'),
(251, 7, '2020-09-28', '22:30:00', 'B'),
(252, 2, '2020-09-28', '23:00:00', 'C'),
(253, 11, '2020-09-29', '16:00:00', 'A'),
(254, 13, '2020-09-29', '17:00:00', 'B'),
(255, 10, '2020-09-29', '17:30:00', 'C'),
(256, 8, '2020-09-29', '18:00:00', 'A'),
(257, 12, '2020-09-29', '19:30:00', 'B'),
(258, 5, '2020-09-29', '20:00:00', 'C'),
(259, 4, '2020-09-29', '22:00:00', 'A'),
(260, 16, '2020-09-29', '22:30:00', 'B'),
(261, 14, '2020-09-29', '23:00:00', 'C'),
(262, 1, '2020-09-30', '16:00:00', 'A'),
(263, 9, '2020-09-30', '17:00:00', 'B'),
(264, 6, '2020-09-30', '17:30:00', 'C'),
(265, 15, '2020-09-30', '18:00:00', 'A'),
(266, 3, '2020-09-30', '19:30:00', 'B'),
(267, 7, '2020-09-30', '20:00:00', 'C'),
(268, 2, '2020-09-30', '22:00:00', 'A'),
(269, 11, '2020-09-30', '22:30:00', 'B'),
(270, 13, '2020-09-30', '23:00:00', 'C'),
(271, 10, '2020-10-01', '16:00:00', 'A'),
(272, 8, '2020-10-01', '17:00:00', 'B'),
(273, 12, '2020-10-01', '17:30:00', 'C'),
(274, 5, '2020-10-01', '18:00:00', 'A'),
(275, 4, '2020-10-01', '19:30:00', 'B'),
(276, 16, '2020-10-01', '20:00:00', 'C'),
(277, 14, '2020-10-01', '22:00:00', 'A'),
(278, 1, '2020-10-01', '22:30:00', 'B'),
(279, 9, '2020-10-01', '23:00:00', 'C'),
(280, 6, '2020-10-02', '16:00:00', 'A'),
(281, 15, '2020-10-02', '17:00:00', 'B'),
(282, 3, '2020-10-02', '17:30:00', 'C'),
(283, 7, '2020-10-02', '18:00:00', 'A'),
(284, 2, '2020-10-02', '19:30:00', 'B'),
(285, 11, '2020-10-02', '20:00:00', 'C'),
(286, 13, '2020-10-02', '22:00:00', 'A'),
(287, 10, '2020-10-02', '22:30:00', 'B'),
(288, 8, '2020-10-02', '23:00:00', 'C'),
(289, 12, '2020-10-03', '16:00:00', 'A'),
(290, 5, '2020-10-03', '17:00:00', 'B'),
(291, 4, '2020-10-03', '17:30:00', 'C'),
(292, 16, '2020-10-03', '18:00:00', 'A'),
(293, 14, '2020-10-03', '19:30:00', 'B'),
(294, 1, '2020-10-03', '20:00:00', 'C'),
(295, 9, '2020-10-03', '22:00:00', 'A'),
(296, 6, '2020-10-03', '22:30:00', 'B'),
(297, 15, '2020-10-03', '23:00:00', 'C'),
(298, 3, '2020-10-04', '16:00:00', 'A'),
(299, 7, '2020-10-04', '17:00:00', 'B'),
(300, 2, '2020-10-04', '17:30:00', 'C'),
(301, 11, '2020-10-04', '18:00:00', 'A'),
(302, 13, '2020-10-04', '19:30:00', 'B'),
(303, 10, '2020-10-04', '20:00:00', 'C'),
(304, 8, '2020-10-04', '22:00:00', 'A'),
(305, 12, '2020-10-04', '22:30:00', 'B'),
(306, 5, '2020-10-04', '23:00:00', 'C'),
(307, 4, '2020-10-05', '16:00:00', 'A'),
(308, 16, '2020-10-05', '17:00:00', 'B'),
(309, 14, '2020-10-05', '17:30:00', 'C'),
(310, 1, '2020-10-05', '18:00:00', 'A'),
(311, 9, '2020-10-05', '19:30:00', 'B'),
(312, 6, '2020-10-05', '20:00:00', 'C'),
(313, 15, '2020-10-05', '22:00:00', 'A'),
(314, 3, '2020-10-05', '22:30:00', 'B'),
(315, 7, '2020-10-05', '23:00:00', 'C'),
(316, 2, '2020-10-06', '16:00:00', 'A'),
(317, 11, '2020-10-06', '17:00:00', 'B'),
(318, 13, '2020-10-06', '17:30:00', 'C'),
(319, 10, '2020-10-06', '18:00:00', 'A'),
(320, 8, '2020-10-06', '19:30:00', 'B'),
(321, 12, '2020-10-06', '20:00:00', 'C'),
(322, 5, '2020-10-06', '22:00:00', 'A'),
(323, 4, '2020-10-06', '22:30:00', 'B'),
(324, 16, '2020-10-06', '23:00:00', 'C'),
(325, 14, '2020-10-07', '16:00:00', 'A'),
(326, 1, '2020-10-07', '17:00:00', 'B'),
(327, 9, '2020-10-07', '17:30:00', 'C'),
(328, 6, '2020-10-07', '18:00:00', 'A'),
(329, 15, '2020-10-07', '19:30:00', 'B'),
(330, 3, '2020-10-07', '20:00:00', 'C'),
(331, 7, '2020-10-07', '22:00:00', 'A'),
(332, 2, '2020-10-07', '22:30:00', 'B'),
(333, 11, '2020-10-07', '23:00:00', 'C'),
(334, 13, '2020-10-08', '16:00:00', 'A'),
(335, 10, '2020-10-08', '17:00:00', 'B'),
(336, 8, '2020-10-08', '17:30:00', 'C'),
(337, 12, '2020-10-08', '18:00:00', 'A'),
(338, 5, '2020-10-08', '19:30:00', 'B'),
(339, 4, '2020-10-08', '20:00:00', 'C'),
(340, 16, '2020-10-08', '22:00:00', 'A'),
(341, 14, '2020-10-08', '22:30:00', 'B'),
(342, 1, '2020-10-08', '23:00:00', 'C'),
(343, 9, '2020-10-09', '16:00:00', 'A'),
(344, 6, '2020-10-09', '17:00:00', 'B'),
(345, 15, '2020-10-09', '17:30:00', 'C'),
(346, 3, '2020-10-09', '18:00:00', 'A'),
(347, 7, '2020-10-09', '19:30:00', 'B'),
(348, 2, '2020-10-09', '20:00:00', 'C'),
(349, 11, '2020-10-09', '22:00:00', 'A'),
(350, 13, '2020-10-09', '22:30:00', 'B'),
(351, 10, '2020-10-09', '23:00:00', 'C'),
(352, 8, '2020-10-10', '16:00:00', 'A'),
(353, 12, '2020-10-10', '17:00:00', 'B'),
(354, 5, '2020-10-10', '17:30:00', 'C'),
(355, 4, '2020-10-10', '18:00:00', 'A'),
(356, 16, '2020-10-10', '19:30:00', 'B'),
(357, 14, '2020-10-10', '20:00:00', 'C'),
(358, 1, '2020-10-10', '22:00:00', 'A'),
(359, 9, '2020-10-10', '22:30:00', 'B'),
(360, 6, '2020-10-10', '23:00:00', 'C'),
(361, 12, '2020-09-01', '18:00:00', 'D'),
(362, 5, '2020-09-01', '19:00:00', 'C'),
(363, 4, '2020-09-01', '19:30:00', 'E'),
(364, 16, '2020-09-01', '20:00:00', 'B'),
(365, 14, '2020-09-01', '21:30:00', 'D'),
(366, 1, '2020-09-01', '22:00:00', 'A'),
(367, 9, '2020-09-01', '23:00:00', 'B'),
(368, 6, '2020-09-01', '23:30:00', 'E'),
(369, 15, '2020-09-01', '16:00:00', 'D'),
(370, 3, '2020-09-02', '18:00:00', 'B'),
(371, 7, '2020-09-02', '19:00:00', 'C'),
(372, 2, '2020-09-02', '19:30:00', 'A'),
(373, 11, '2020-09-02', '20:00:00', 'E'),
(374, 13, '2020-09-02', '21:30:00', 'C'),
(375, 10, '2020-09-02', '22:00:00', 'A'),
(376, 8, '2020-09-02', '23:00:00', 'B'),
(377, 12, '2020-09-02', '23:30:00', 'D'),
(378, 5, '2020-09-02', '16:00:00', 'E'),
(379, 4, '2020-09-03', '18:00:00', 'B'),
(380, 16, '2020-09-03', '19:00:00', 'C'),
(381, 14, '2020-09-03', '19:30:00', 'D'),
(382, 1, '2020-09-03', '20:00:00', 'B'),
(383, 9, '2020-09-03', '21:30:00', 'E'),
(384, 6, '2020-09-03', '22:00:00', 'A'),
(385, 15, '2020-09-03', '23:00:00', 'D'),
(386, 3, '2020-09-03', '23:30:00', 'C'),
(387, 7, '2020-09-03', '16:00:00', 'A'),
(388, 2, '2020-09-04', '18:00:00', 'E'),
(389, 11, '2020-09-04', '19:00:00', 'D'),
(390, 13, '2020-09-04', '19:30:00', 'A'),
(391, 10, '2020-09-04', '20:00:00', 'B'),
(392, 8, '2020-09-04', '21:30:00', 'C'),
(393, 12, '2020-09-04', '22:00:00', 'E'),
(394, 5, '2020-09-04', '23:00:00', 'B'),
(395, 4, '2020-09-04', '23:30:00', 'C'),
(396, 16, '2020-09-04', '16:00:00', 'A'),
(397, 14, '2020-09-05', '18:00:00', 'D'),
(398, 1, '2020-09-05', '19:00:00', 'E'),
(399, 9, '2020-09-05', '19:30:00', 'A'),
(400, 6, '2020-09-05', '20:00:00', 'B'),
(401, 15, '2020-09-05', '21:30:00', 'D'),
(402, 3, '2020-09-05', '22:00:00', 'A'),
(403, 7, '2020-09-05', '23:00:00', 'E'),
(404, 2, '2020-09-05', '23:30:00', 'C'),
(405, 11, '2020-09-05', '16:00:00', 'D'),
(406, 13, '2020-09-06', '18:00:00', 'B'),
(407, 10, '2020-09-06', '19:00:00', 'C'),
(408, 8, '2020-09-06', '19:30:00', 'E'),
(409, 12, '2020-09-06', '20:00:00', 'D'),
(410, 5, '2020-09-06', '21:30:00', 'C'),
(411, 4, '2020-09-06', '22:00:00', 'A'),
(412, 16, '2020-09-06', '23:00:00', 'B'),
(413, 14, '2020-09-06', '23:30:00', 'E'),
(414, 1, '2020-09-06', '16:00:00', 'A'),
(415, 9, '2020-09-07', '18:00:00', 'B'),
(416, 6, '2020-09-07', '19:00:00', 'C'),
(417, 15, '2020-09-07', '19:30:00', 'D'),
(418, 3, '2020-09-07', '20:00:00', 'E'),
(419, 7, '2020-09-07', '21:30:00', 'C'),
(420, 2, '2020-09-07', '22:00:00', 'A'),
(421, 11, '2020-09-07', '23:00:00', 'D'),
(422, 13, '2020-09-07', '23:30:00', 'C'),
(423, 10, '2020-09-07', '16:00:00', 'E'),
(424, 8, '2020-09-08', '18:00:00', 'B'),
(425, 12, '2020-09-08', '19:00:00', 'D'),
(426, 5, '2020-09-08', '19:30:00', 'A'),
(427, 4, '2020-09-08', '20:00:00', 'B'),
(428, 16, '2020-09-08', '21:30:00', 'E'),
(429, 14, '2020-09-08', '22:00:00', 'D'),
(430, 1, '2020-09-08', '23:00:00', 'B'),
(431, 9, '2020-09-08', '23:30:00', 'C'),
(432, 6, '2020-09-08', '16:00:00', 'A'),
(433, 15, '2020-09-09', '18:00:00', 'E'),
(434, 3, '2020-09-09', '19:00:00', 'C'),
(435, 7, '2020-09-09', '19:30:00', 'A'),
(436, 2, '2020-09-09', '20:00:00', 'B'),
(437, 11, '2020-09-09', '21:30:00', 'D'),
(438, 13, '2020-09-09', '22:00:00', 'E'),
(439, 10, '2020-09-09', '23:00:00', 'B'),
(440, 8, '2020-09-09', '23:30:00', 'C'),
(441, 12, '2020-09-09', '16:00:00', 'D'),
(442, 5, '2020-09-10', '18:00:00', 'B'),
(443, 4, '2020-09-10', '19:00:00', 'E'),
(444, 16, '2020-09-10', '19:30:00', 'A'),
(445, 14, '2020-09-10', '20:00:00', 'D'),
(446, 1, '2020-09-10', '21:30:00', 'C'),
(447, 9, '2020-09-10', '22:00:00', 'A'),
(448, 6, '2020-09-10', '23:00:00', 'E'),
(449, 15, '2020-09-10', '23:30:00', 'D'),
(450, 3, '2020-09-10', '16:00:00', 'A'),
(451, 7, '2020-09-11', '18:00:00', 'B'),
(452, 2, '2020-09-11', '19:00:00', 'C'),
(453, 11, '2020-09-11', '19:30:00', 'E'),
(454, 13, '2020-09-11', '20:00:00', 'B'),
(455, 10, '2020-09-11', '21:30:00', 'C'),
(456, 8, '2020-09-11', '22:00:00', 'A'),
(457, 12, '2020-09-11', '23:00:00', 'D'),
(458, 5, '2020-09-11', '23:30:00', 'E'),
(459, 4, '2020-09-11', '16:00:00', 'A'),
(460, 16, '2020-09-12', '18:00:00', 'B'),
(461, 14, '2020-09-12', '19:00:00', 'D'),
(462, 1, '2020-09-12', '19:30:00', 'A'),
(463, 9, '2020-09-12', '20:00:00', 'E'),
(464, 6, '2020-09-12', '21:30:00', 'C'),
(465, 15, '2020-09-12', '22:00:00', 'D'),
(466, 3, '2020-09-12', '23:00:00', 'B'),
(467, 7, '2020-09-12', '23:30:00', 'C'),
(468, 2, '2020-09-12', '16:00:00', 'E'),
(469, 11, '2020-09-13', '18:00:00', 'D'),
(470, 13, '2020-09-13', '19:00:00', 'C'),
(471, 10, '2020-09-13', '19:30:00', 'A'),
(472, 8, '2020-09-13', '20:00:00', 'B'),
(473, 12, '2020-09-13', '21:30:00', 'E'),
(474, 5, '2020-09-13', '22:00:00', 'A'),
(475, 4, '2020-09-13', '23:00:00', 'B'),
(476, 16, '2020-09-13', '23:30:00', 'C'),
(477, 14, '2020-09-13', '16:00:00', 'D'),
(478, 1, '2020-09-14', '18:00:00', 'E'),
(479, 9, '2020-09-14', '19:00:00', 'C'),
(480, 6, '2020-09-14', '19:30:00', 'A'),
(481, 15, '2020-09-14', '20:00:00', 'D'),
(482, 3, '2020-09-14', '21:30:00', 'C'),
(483, 7, '2020-09-14', '22:00:00', 'E'),
(484, 2, '2020-09-14', '23:00:00', 'B'),
(485, 11, '2020-09-14', '23:30:00', 'D'),
(486, 13, '2020-09-14', '16:00:00', 'A'),
(487, 10, '2020-09-15', '18:00:00', 'B'),
(488, 8, '2020-09-15', '19:00:00', 'E'),
(489, 12, '2020-09-15', '19:30:00', 'D'),
(490, 5, '2020-09-15', '20:00:00', 'B'),
(491, 4, '2020-09-15', '21:30:00', 'C'),
(492, 16, '2020-09-15', '22:00:00', 'A'),
(493, 14, '2020-09-15', '23:00:00', 'E'),
(494, 1, '2020-09-15', '23:30:00', 'C'),
(495, 9, '2020-09-15', '16:00:00', 'A'),
(496, 6, '2020-09-16', '18:00:00', 'B'),
(497, 15, '2020-09-16', '19:00:00', 'D'),
(498, 3, '2020-09-16', '19:30:00', 'E'),
(499, 7, '2020-09-16', '20:00:00', 'B'),
(500, 2, '2020-09-16', '21:30:00', 'C'),
(501, 11, '2020-09-16', '22:00:00', 'D'),
(502, 13, '2020-09-16', '23:00:00', 'B'),
(503, 10, '2020-09-16', '23:30:00', 'E'),
(504, 8, '2020-09-16', '16:00:00', 'A'),
(505, 12, '2020-09-17', '18:00:00', 'D'),
(506, 5, '2020-09-17', '19:00:00', 'C'),
(507, 4, '2020-09-17', '19:30:00', 'A'),
(508, 16, '2020-09-17', '20:00:00', 'E'),
(509, 14, '2020-09-17', '21:30:00', 'D'),
(510, 1, '2020-09-17', '22:00:00', 'A'),
(511, 9, '2020-09-17', '23:00:00', 'B'),
(512, 6, '2020-09-17', '23:30:00', 'C'),
(513, 15, '2020-09-17', '16:00:00', 'E'),
(514, 3, '2020-09-18', '18:00:00', 'B'),
(515, 7, '2020-09-18', '19:00:00', 'C'),
(516, 2, '2020-09-18', '19:30:00', 'A'),
(517, 11, '2020-09-18', '20:00:00', 'D'),
(518, 13, '2020-09-18', '21:30:00', 'E'),
(519, 10, '2020-09-18', '22:00:00', 'A'),
(520, 8, '2020-09-18', '23:00:00', 'B'),
(521, 12, '2020-09-18', '23:30:00', 'D'),
(522, 5, '2020-09-18', '16:00:00', 'A'),
(523, 4, '2020-09-19', '18:00:00', 'E'),
(524, 16, '2020-09-19', '19:00:00', 'C'),
(525, 14, '2020-09-19', '19:30:00', 'D'),
(526, 1, '2020-09-19', '20:00:00', 'B'),
(527, 9, '2020-09-19', '21:30:00', 'C'),
(528, 6, '2020-09-19', '22:00:00', 'E'),
(529, 15, '2020-09-19', '23:00:00', 'D'),
(530, 3, '2020-09-19', '23:30:00', 'C'),
(531, 7, '2020-09-19', '16:00:00', 'A'),
(532, 2, '2020-09-20', '18:00:00', 'B'),
(533, 11, '2020-09-20', '19:00:00', 'E'),
(534, 13, '2020-09-20', '19:30:00', 'A'),
(535, 10, '2020-09-20', '20:00:00', 'B'),
(536, 8, '2020-09-20', '21:30:00', 'C'),
(537, 12, '2020-09-20', '22:00:00', 'D'),
(538, 5, '2020-09-20', '23:00:00', 'E'),
(539, 4, '2020-09-20', '23:30:00', 'C'),
(540, 16, '2020-09-20', '16:00:00', 'A'),
(541, 14, '2020-09-21', '18:00:00', 'D'),
(542, 1, '2020-09-21', '19:00:00', 'C'),
(543, 9, '2020-09-21', '19:30:00', 'E'),
(544, 6, '2020-09-21', '20:00:00', 'B'),
(545, 15, '2020-09-21', '21:30:00', 'D'),
(546, 3, '2020-09-21', '22:00:00', 'A'),
(547, 7, '2020-09-21', '23:00:00', 'B'),
(548, 2, '2020-09-21', '23:30:00', 'E'),
(549, 11, '2020-09-21', '16:00:00', 'D'),
(550, 13, '2020-09-22', '18:00:00', 'B'),
(551, 10, '2020-09-22', '19:00:00', 'C'),
(552, 8, '2020-09-22', '19:30:00', 'A'),
(553, 12, '2020-09-22', '20:00:00', 'E'),
(554, 5, '2020-09-22', '21:30:00', 'C'),
(555, 4, '2020-09-22', '22:00:00', 'A'),
(556, 16, '2020-09-22', '23:00:00', 'B'),
(557, 14, '2020-09-22', '23:30:00', 'D'),
(558, 1, '2020-09-22', '16:00:00', 'E'),
(559, 9, '2020-09-23', '18:00:00', 'B'),
(560, 6, '2020-09-23', '19:00:00', 'C'),
(561, 15, '2020-09-23', '19:30:00', 'D'),
(562, 3, '2020-09-23', '20:00:00', 'B'),
(563, 7, '2020-09-23', '21:30:00', 'E'),
(564, 2, '2020-09-23', '22:00:00', 'A'),
(565, 11, '2020-09-23', '23:00:00', 'D'),
(566, 13, '2020-09-23', '23:30:00', 'C'),
(567, 10, '2020-09-23', '16:00:00', 'A'),
(568, 8, '2020-09-24', '18:00:00', 'E'),
(569, 12, '2020-09-24', '19:00:00', 'D'),
(570, 5, '2020-09-24', '19:30:00', 'A'),
(571, 4, '2020-09-24', '20:00:00', 'B'),
(572, 16, '2020-09-24', '21:30:00', 'C'),
(573, 14, '2020-09-24', '22:00:00', 'E'),
(574, 1, '2020-09-24', '23:00:00', 'B'),
(575, 9, '2020-09-24', '23:30:00', 'C'),
(576, 6, '2020-09-24', '16:00:00', 'A'),
(577, 15, '2020-09-25', '18:00:00', 'D'),
(578, 3, '2020-09-25', '19:00:00', 'E'),
(579, 7, '2020-09-25', '19:30:00', 'A'),
(580, 2, '2020-09-25', '20:00:00', 'B'),
(581, 11, '2020-09-25', '21:30:00', 'D'),
(582, 13, '2020-09-25', '22:00:00', 'A'),
(583, 10, '2020-09-25', '23:00:00', 'E'),
(584, 8, '2020-09-25', '23:30:00', 'C'),
(585, 12, '2020-09-25', '16:00:00', 'D'),
(586, 5, '2020-09-26', '18:00:00', 'B'),
(587, 4, '2020-09-26', '19:00:00', 'C'),
(588, 16, '2020-09-26', '19:30:00', 'E'),
(589, 14, '2020-09-26', '20:00:00', 'D'),
(590, 1, '2020-09-26', '21:30:00', 'C'),
(591, 9, '2020-09-26', '22:00:00', 'A'),
(592, 6, '2020-09-26', '23:00:00', 'B'),
(593, 15, '2020-09-26', '23:30:00', 'E'),
(594, 3, '2020-09-26', '16:00:00', 'A'),
(595, 7, '2020-09-27', '18:00:00', 'B'),
(596, 2, '2020-09-27', '19:00:00', 'C'),
(597, 11, '2020-09-27', '19:30:00', 'D'),
(598, 13, '2020-09-27', '20:00:00', 'E'),
(599, 10, '2020-09-27', '21:30:00', 'C'),
(600, 8, '2020-09-27', '22:00:00', 'A'),
(601, 12, '2020-09-27', '23:00:00', 'D'),
(602, 5, '2020-09-27', '23:30:00', 'C'),
(603, 4, '2020-09-27', '16:00:00', 'E'),
(604, 16, '2020-09-28', '18:00:00', 'B'),
(605, 14, '2020-09-28', '19:00:00', 'D'),
(606, 1, '2020-09-28', '19:30:00', 'A'),
(607, 9, '2020-09-28', '20:00:00', 'B'),
(608, 6, '2020-09-28', '21:30:00', 'E'),
(609, 15, '2020-09-28', '22:00:00', 'D'),
(610, 3, '2020-09-28', '23:00:00', 'B'),
(611, 7, '2020-09-28', '23:30:00', 'C'),
(612, 2, '2020-09-28', '16:00:00', 'A'),
(613, 11, '2020-09-29', '18:00:00', 'E'),
(614, 13, '2020-09-29', '19:00:00', 'C'),
(615, 10, '2020-09-29', '19:30:00', 'A'),
(616, 8, '2020-09-29', '20:00:00', 'B'),
(617, 12, '2020-09-29', '21:30:00', 'D'),
(618, 5, '2020-09-29', '22:00:00', 'E'),
(619, 4, '2020-09-29', '23:00:00', 'B'),
(620, 16, '2020-09-29', '23:30:00', 'C'),
(621, 14, '2020-09-29', '16:00:00', 'D'),
(622, 1, '2020-09-30', '18:00:00', 'B'),
(623, 9, '2020-09-30', '19:00:00', 'E'),
(624, 6, '2020-09-30', '19:30:00', 'A'),
(625, 15, '2020-09-30', '20:00:00', 'D'),
(626, 3, '2020-09-30', '21:30:00', 'C'),
(627, 7, '2020-09-30', '22:00:00', 'A'),
(628, 2, '2020-09-30', '23:00:00', 'E'),
(629, 11, '2020-09-30', '23:30:00', 'D'),
(630, 13, '2020-09-30', '16:00:00', 'A'),
(631, 10, '2020-10-01', '18:00:00', 'B'),
(632, 8, '2020-10-01', '19:00:00', 'C'),
(633, 12, '2020-10-01', '19:30:00', 'E'),
(634, 5, '2020-10-01', '20:00:00', 'B'),
(635, 4, '2020-10-01', '21:30:00', 'C'),
(636, 16, '2020-10-01', '22:00:00', 'A'),
(637, 14, '2020-10-01', '23:00:00', 'D'),
(638, 1, '2020-10-01', '23:30:00', 'E'),
(639, 9, '2020-10-01', '16:00:00', 'A'),
(640, 6, '2020-10-02', '18:00:00', 'B'),
(641, 15, '2020-10-02', '19:00:00', 'D'),
(642, 3, '2020-10-02', '19:30:00', 'A'),
(643, 7, '2020-10-02', '20:00:00', 'E'),
(644, 2, '2020-10-02', '21:30:00', 'C'),
(645, 11, '2020-10-02', '22:00:00', 'D'),
(646, 13, '2020-10-02', '23:00:00', 'B'),
(647, 10, '2020-10-02', '23:30:00', 'C'),
(648, 8, '2020-10-02', '16:00:00', 'E'),
(649, 12, '2020-10-03', '18:00:00', 'D'),
(650, 5, '2020-10-03', '19:00:00', 'C'),
(651, 4, '2020-10-03', '19:30:00', 'A'),
(652, 16, '2020-10-03', '20:00:00', 'B'),
(653, 14, '2020-10-03', '21:30:00', 'E'),
(654, 1, '2020-10-03', '22:00:00', 'A'),
(655, 9, '2020-10-03', '23:00:00', 'B'),
(656, 6, '2020-10-03', '23:30:00', 'C'),
(657, 15, '2020-10-03', '16:00:00', 'D'),
(658, 3, '2020-10-04', '18:00:00', 'E'),
(659, 7, '2020-10-04', '19:00:00', 'C'),
(660, 2, '2020-10-04', '19:30:00', 'A'),
(661, 11, '2020-10-04', '20:00:00', 'D'),
(662, 13, '2020-10-04', '21:30:00', 'C'),
(663, 10, '2020-10-04', '22:00:00', 'E'),
(664, 8, '2020-10-04', '23:00:00', 'B'),
(665, 12, '2020-10-04', '23:30:00', 'D'),
(666, 5, '2020-10-04', '16:00:00', 'A'),
(667, 4, '2020-10-05', '18:00:00', 'B'),
(668, 16, '2020-10-05', '19:00:00', 'E'),
(669, 14, '2020-10-05', '19:30:00', 'D'),
(670, 1, '2020-10-05', '20:00:00', 'B'),
(671, 9, '2020-10-05', '21:30:00', 'C'),
(672, 6, '2020-10-05', '22:00:00', 'A'),
(673, 15, '2020-10-05', '23:00:00', 'E'),
(674, 3, '2020-10-05', '23:30:00', 'C'),
(675, 7, '2020-10-05', '16:00:00', 'A'),
(676, 2, '2020-10-06', '18:00:00', 'B'),
(677, 11, '2020-10-06', '19:00:00', 'D'),
(678, 13, '2020-10-06', '19:30:00', 'E'),
(679, 10, '2020-10-06', '20:00:00', 'B'),
(680, 8, '2020-10-06', '21:30:00', 'C'),
(681, 12, '2020-10-06', '22:00:00', 'D'),
(682, 5, '2020-10-06', '23:00:00', 'B'),
(683, 4, '2020-10-06', '23:30:00', 'E'),
(684, 16, '2020-10-06', '16:00:00', 'A'),
(685, 14, '2020-10-07', '18:00:00', 'D'),
(686, 1, '2020-10-07', '19:00:00', 'C'),
(687, 9, '2020-10-07', '19:30:00', 'A'),
(688, 6, '2020-10-07', '20:00:00', 'E'),
(689, 15, '2020-10-07', '21:30:00', 'D'),
(690, 3, '2020-10-07', '22:00:00', 'A'),
(691, 7, '2020-10-07', '23:00:00', 'B'),
(692, 2, '2020-10-07', '23:30:00', 'C'),
(693, 11, '2020-10-07', '16:00:00', 'E'),
(694, 13, '2020-10-08', '18:00:00', 'B'),
(695, 10, '2020-10-08', '19:00:00', 'C'),
(696, 8, '2020-10-08', '19:30:00', 'A'),
(697, 12, '2020-10-08', '20:00:00', 'D'),
(698, 5, '2020-10-08', '21:30:00', 'E'),
(699, 4, '2020-10-08', '22:00:00', 'A'),
(700, 16, '2020-10-08', '23:00:00', 'B'),
(701, 14, '2020-10-08', '23:30:00', 'D'),
(702, 1, '2020-10-08', '16:00:00', 'A'),
(703, 9, '2020-10-09', '18:00:00', 'E'),
(704, 6, '2020-10-09', '19:00:00', 'C'),
(705, 15, '2020-10-09', '19:30:00', 'D'),
(706, 3, '2020-10-09', '20:00:00', 'B'),
(707, 7, '2020-10-09', '21:30:00', 'C'),
(708, 2, '2020-10-09', '22:00:00', 'E'),
(709, 11, '2020-10-09', '23:00:00', 'D'),
(710, 13, '2020-10-09', '23:30:00', 'C'),
(711, 10, '2020-10-09', '16:00:00', 'A'),
(712, 8, '2020-10-10', '18:00:00', 'B'),
(713, 12, '2020-10-10', '19:00:00', 'E'),
(714, 5, '2020-10-10', '19:30:00', 'A'),
(715, 4, '2020-10-10', '20:00:00', 'B'),
(716, 16, '2020-10-10', '21:30:00', 'C'),
(717, 14, '2020-10-10', '22:00:00', 'D'),
(718, 1, '2020-10-10', '23:00:00', 'E'),
(719, 9, '2020-10-10', '23:30:00', 'C'),
(720, 6, '2020-10-10', '16:00:00', 'A'),
(721, 2, '2020-09-20', '20:00:00', 'E'),
(722, 11, '2020-09-20', '21:00:00', 'D'),
(723, 13, '2020-09-20', '21:30:00', 'C'),
(724, 10, '2020-09-20', '22:00:00', 'A'),
(725, 8, '2020-09-20', '23:30:00', 'E'),
(726, 12, '2020-09-20', '16:00:00', 'E'),
(727, 14, '2020-09-21', '20:00:00', 'A'),
(728, 1, '2020-09-21', '21:00:00', 'B'),
(729, 9, '2020-09-21', '21:30:00', 'C'),
(730, 6, '2020-09-21', '22:00:00', 'D'),
(731, 15, '2020-09-21', '23:30:00', 'E'),
(732, 3, '2020-09-21', '16:00:00', 'C'),
(733, 13, '2020-09-22', '20:00:00', 'A'),
(734, 10, '2020-09-22', '21:00:00', 'D'),
(735, 8, '2020-09-22', '21:30:00', 'C'),
(736, 12, '2020-09-22', '22:00:00', 'E'),
(737, 5, '2020-09-22', '23:30:00', 'B'),
(738, 4, '2020-09-22', '16:00:00', 'D'),
(739, 9, '2020-09-23', '20:00:00', 'A'),
(740, 6, '2020-09-23', '21:00:00', 'B'),
(741, 15, '2020-09-23', '21:30:00', 'E'),
(742, 3, '2020-09-23', '22:00:00', 'D'),
(743, 7, '2020-09-23', '23:30:00', 'B'),
(744, 2, '2020-09-23', '16:00:00', 'C'),
(745, 8, '2020-09-24', '20:00:00', 'A'),
(746, 12, '2020-09-24', '21:00:00', 'E'),
(747, 5, '2020-09-24', '21:30:00', 'C'),
(748, 4, '2020-09-24', '22:00:00', 'A'),
(749, 16, '2020-09-24', '23:30:00', 'B'),
(750, 14, '2020-09-24', '16:00:00', 'D'),
(751, 15, '2020-09-25', '20:00:00', 'E'),
(752, 3, '2020-09-25', '21:00:00', 'B'),
(753, 7, '2020-09-25', '21:30:00', 'C'),
(754, 2, '2020-09-25', '22:00:00', 'D'),
(755, 11, '2020-09-25', '23:30:00', 'B'),
(756, 13, '2020-09-25', '16:00:00', 'E'),
(757, 5, '2020-09-26', '20:00:00', 'A'),
(758, 4, '2020-09-26', '21:00:00', 'D'),
(759, 16, '2020-09-26', '21:30:00', 'C'),
(760, 14, '2020-09-26', '22:00:00', 'A'),
(761, 1, '2020-09-26', '23:30:00', 'E'),
(762, 9, '2020-09-26', '16:00:00', 'D'),
(763, 7, '2020-09-27', '20:00:00', 'A'),
(764, 2, '2020-09-27', '21:00:00', 'B'),
(765, 11, '2020-09-27', '21:30:00', 'C'),
(766, 13, '2020-09-27', '22:00:00', 'E'),
(767, 10, '2020-09-27', '23:30:00', 'B'),
(768, 8, '2020-09-27', '16:00:00', 'C'),
(769, 16, '2020-09-28', '20:00:00', 'A'),
(770, 14, '2020-09-28', '21:00:00', 'D'),
(771, 1, '2020-09-28', '21:30:00', 'E'),
(772, 9, '2020-09-28', '22:00:00', 'A'),
(773, 6, '2020-09-28', '23:30:00', 'B'),
(774, 15, '2020-09-28', '16:00:00', 'D'),
(775, 11, '2020-09-29', '20:00:00', 'A'),
(776, 13, '2020-09-29', '21:00:00', 'E'),
(777, 10, '2020-09-29', '21:30:00', 'C'),
(778, 8, '2020-09-29', '22:00:00', 'D'),
(779, 12, '2020-09-29', '23:30:00', 'B'),
(780, 5, '2020-09-29', '16:00:00', 'C'),
(781, 1, '2020-09-30', '20:00:00', 'E'),
(782, 9, '2020-09-30', '21:00:00', 'D'),
(783, 6, '2020-09-30', '21:30:00', 'C'),
(784, 15, '2020-09-30', '22:00:00', 'A'),
(785, 3, '2020-09-30', '23:30:00', 'B'),
(786, 7, '2020-09-30', '16:00:00', 'E'),
(787, 10, '2020-10-01', '20:00:00', 'A'),
(788, 8, '2020-10-01', '21:00:00', 'B'),
(789, 12, '2020-10-01', '21:30:00', 'C'),
(790, 5, '2020-10-01', '22:00:00', 'D'),
(791, 4, '2020-10-01', '23:30:00', 'E'),
(792, 16, '2020-10-01', '16:00:00', 'C'),
(793, 6, '2020-10-02', '20:00:00', 'A'),
(794, 15, '2020-10-02', '21:00:00', 'D'),
(795, 3, '2020-10-02', '21:30:00', 'C'),
(796, 7, '2020-10-02', '22:00:00', 'E'),
(797, 2, '2020-10-02', '23:30:00', 'B'),
(798, 11, '2020-10-02', '16:00:00', 'D'),
(799, 12, '2020-10-03', '20:00:00', 'A'),
(800, 5, '2020-10-03', '21:00:00', 'B'),
(801, 4, '2020-10-03', '21:30:00', 'E'),
(802, 16, '2020-10-03', '22:00:00', 'D'),
(803, 14, '2020-10-03', '23:30:00', 'B'),
(804, 1, '2020-10-03', '16:00:00', 'C'),
(805, 3, '2020-10-04', '20:00:00', 'A'),
(806, 7, '2020-10-04', '21:00:00', 'E'),
(807, 2, '2020-10-04', '21:30:00', 'C'),
(808, 11, '2020-10-04', '22:00:00', 'A'),
(809, 13, '2020-10-04', '23:30:00', 'B'),
(810, 10, '2020-10-04', '16:00:00', 'D'),
(811, 4, '2020-10-05', '20:00:00', 'E'),
(812, 16, '2020-10-05', '21:00:00', 'B'),
(813, 14, '2020-10-05', '21:30:00', 'C'),
(814, 1, '2020-10-05', '22:00:00', 'D'),
(815, 9, '2020-10-05', '23:30:00', 'B'),
(816, 6, '2020-10-05', '16:00:00', 'E'),
(817, 2, '2020-10-06', '20:00:00', 'A'),
(818, 11, '2020-10-06', '21:00:00', 'D'),
(819, 13, '2020-10-06', '21:30:00', 'C'),
(820, 10, '2020-10-06', '22:00:00', 'A'),
(821, 8, '2020-10-06', '23:30:00', 'E'),
(822, 12, '2020-10-06', '16:00:00', 'D'),
(823, 14, '2020-10-07', '20:00:00', 'A'),
(824, 1, '2020-10-07', '21:00:00', 'B'),
(825, 9, '2020-10-07', '21:30:00', 'C'),
(826, 6, '2020-10-07', '22:00:00', 'E'),
(827, 15, '2020-10-07', '23:30:00', 'B'),
(828, 3, '2020-10-07', '16:00:00', 'C'),
(829, 13, '2020-10-08', '20:00:00', 'A'),
(830, 10, '2020-10-08', '21:00:00', 'D'),
(831, 8, '2020-10-08', '21:30:00', 'E'),
(832, 12, '2020-10-08', '22:00:00', 'A'),
(833, 5, '2020-10-08', '23:30:00', 'B'),
(834, 4, '2020-10-08', '16:00:00', 'D'),
(835, 9, '2020-10-09', '20:00:00', 'A'),
(836, 6, '2020-10-09', '21:00:00', 'E'),
(837, 15, '2020-10-09', '21:30:00', 'C'),
(838, 3, '2020-10-09', '22:00:00', 'D'),
(839, 7, '2020-10-09', '23:30:00', 'B'),
(840, 2, '2020-10-09', '16:00:00', 'E'),
(841, 8, '2020-10-10', '20:00:00', 'E'),
(842, 12, '2020-10-10', '21:00:00', 'D'),
(843, 5, '2020-10-10', '21:30:00', 'C'),
(844, 4, '2020-10-10', '22:00:00', 'A'),
(845, 16, '2020-10-10', '23:30:00', 'E'),
(846, 14, '2020-10-10', '16:00:00', 'D'),
(851, 7, '2020-10-11', '18:00:00', 'B'),
(852, 2, '2020-10-11', '19:00:00', 'C'),
(853, 11, '2020-10-11', '19:30:00', 'E'),
(854, 13, '2020-10-11', '20:00:00', 'B'),
(855, 10, '2020-10-11', '21:30:00', 'C'),
(856, 8, '2020-10-11', '22:00:00', 'A'),
(857, 12, '2020-10-11', '23:00:00', 'D'),
(858, 5, '2020-10-11', '23:30:00', 'E'),
(859, 4, '2020-10-11', '16:00:00', 'A'),
(860, 16, '2020-10-12', '18:00:00', 'B'),
(861, 14, '2020-10-12', '19:00:00', 'D'),
(862, 1, '2020-10-12', '19:30:00', 'A'),
(863, 9, '2020-10-12', '20:00:00', 'E'),
(864, 6, '2020-10-12', '21:30:00', 'C'),
(865, 15, '2020-10-12', '22:00:00', 'D'),
(866, 3, '2020-10-12', '23:00:00', 'B'),
(867, 7, '2020-10-12', '23:30:00', 'C'),
(868, 2, '2020-10-12', '16:00:00', 'E'),
(869, 11, '2020-10-13', '18:00:00', 'D'),
(870, 13, '2020-10-13', '19:00:00', 'C'),
(871, 10, '2020-10-13', '19:30:00', 'A'),
(872, 8, '2020-10-13', '20:00:00', 'B'),
(873, 12, '2020-10-13', '21:30:00', 'E'),
(874, 5, '2020-10-13', '22:00:00', 'A'),
(875, 4, '2020-10-13', '23:00:00', 'B'),
(876, 16, '2020-10-13', '23:30:00', 'C'),
(877, 14, '2020-10-13', '16:00:00', 'D'),
(878, 1, '2020-10-14', '18:00:00', 'E'),
(879, 9, '2020-10-14', '19:00:00', 'C'),
(880, 6, '2020-10-14', '19:30:00', 'A'),
(881, 15, '2020-10-14', '20:00:00', 'D'),
(882, 3, '2020-10-14', '21:30:00', 'C'),
(883, 7, '2020-10-14', '22:00:00', 'E'),
(884, 2, '2020-10-14', '23:00:00', 'B'),
(885, 11, '2020-10-14', '23:30:00', 'D'),
(886, 13, '2020-10-14', '16:00:00', 'A'),
(887, 10, '2020-10-15', '18:00:00', 'B'),
(888, 8, '2020-10-15', '19:00:00', 'E'),
(889, 12, '2020-10-15', '19:30:00', 'D'),
(890, 5, '2020-10-15', '20:00:00', 'B'),
(891, 4, '2020-10-15', '21:30:00', 'C'),
(892, 16, '2020-10-15', '22:00:00', 'A'),
(893, 14, '2020-10-15', '23:00:00', 'E'),
(894, 1, '2020-10-15', '23:30:00', 'C'),
(895, 9, '2020-10-15', '16:00:00', 'A'),
(896, 6, '2020-10-16', '18:00:00', 'B'),
(897, 15, '2020-10-16', '19:00:00', 'D'),
(898, 3, '2020-10-16', '19:30:00', 'E'),
(899, 7, '2020-10-16', '20:00:00', 'B'),
(900, 2, '2020-10-16', '21:30:00', 'C'),
(901, 11, '2020-10-16', '22:00:00', 'D'),
(902, 13, '2020-10-16', '23:00:00', 'B'),
(903, 10, '2020-10-16', '23:30:00', 'E'),
(904, 8, '2020-10-16', '16:00:00', 'A'),
(905, 12, '2020-10-17', '18:00:00', 'D'),
(906, 5, '2020-10-17', '19:00:00', 'C'),
(907, 4, '2020-10-17', '19:30:00', 'A'),
(908, 16, '2020-10-17', '20:00:00', 'E'),
(909, 14, '2020-10-17', '21:30:00', 'D'),
(910, 1, '2020-10-17', '22:00:00', 'A'),
(911, 9, '2020-10-17', '23:00:00', 'B'),
(912, 6, '2020-10-17', '23:30:00', 'C'),
(913, 15, '2020-10-17', '16:00:00', 'E'),
(914, 3, '2020-10-18', '18:00:00', 'B'),
(915, 7, '2020-10-18', '19:00:00', 'C'),
(916, 2, '2020-10-18', '19:30:00', 'A'),
(917, 11, '2020-10-18', '20:00:00', 'D'),
(918, 13, '2020-10-18', '21:30:00', 'E'),
(919, 10, '2020-10-18', '22:00:00', 'A'),
(920, 8, '2020-10-18', '23:00:00', 'B'),
(921, 12, '2020-10-18', '23:30:00', 'D'),
(922, 5, '2020-10-18', '16:00:00', 'A'),
(923, 4, '2020-10-19', '18:00:00', 'E'),
(924, 16, '2020-10-19', '19:00:00', 'C'),
(925, 14, '2020-10-19', '19:30:00', 'D'),
(926, 1, '2020-10-19', '20:00:00', 'B'),
(927, 9, '2020-10-19', '21:30:00', 'C'),
(928, 6, '2020-10-19', '22:00:00', 'E'),
(929, 15, '2020-10-19', '23:00:00', 'D'),
(930, 3, '2020-10-19', '23:30:00', 'C'),
(931, 7, '2020-10-19', '16:00:00', 'A'),
(932, 2, '2020-10-20', '18:00:00', 'B'),
(933, 11, '2020-10-20', '19:00:00', 'E'),
(934, 13, '2020-10-20', '19:30:00', 'A'),
(935, 10, '2020-10-20', '20:00:00', 'B'),
(936, 8, '2020-10-20', '21:30:00', 'C'),
(937, 12, '2020-10-20', '22:00:00', 'D'),
(938, 5, '2020-10-20', '23:00:00', 'E'),
(939, 4, '2020-10-20', '23:30:00', 'C'),
(940, 16, '2020-10-20', '16:00:00', 'A'),
(941, 14, '2020-10-21', '18:00:00', 'D'),
(942, 1, '2020-10-21', '19:00:00', 'C'),
(943, 9, '2020-10-21', '19:30:00', 'E'),
(944, 6, '2020-10-21', '20:00:00', 'B'),
(945, 15, '2020-10-21', '21:30:00', 'D'),
(946, 3, '2020-10-21', '22:00:00', 'A'),
(947, 7, '2020-10-21', '23:00:00', 'B'),
(948, 2, '2020-10-21', '23:30:00', 'E'),
(949, 11, '2020-10-21', '16:00:00', 'D'),
(950, 13, '2020-10-22', '18:00:00', 'B'),
(951, 10, '2020-10-22', '19:00:00', 'C'),
(952, 8, '2020-10-22', '19:30:00', 'A'),
(953, 12, '2020-10-22', '20:00:00', 'E'),
(954, 5, '2020-10-22', '21:30:00', 'C'),
(955, 4, '2020-10-22', '22:00:00', 'A'),
(956, 16, '2020-10-22', '23:00:00', 'B'),
(957, 14, '2020-10-22', '23:30:00', 'D'),
(958, 1, '2020-10-22', '16:00:00', 'E'),
(959, 9, '2020-10-23', '18:00:00', 'B'),
(960, 6, '2020-10-23', '19:00:00', 'C'),
(961, 15, '2020-10-23', '19:30:00', 'D'),
(962, 3, '2020-10-23', '20:00:00', 'B'),
(963, 7, '2020-10-23', '21:30:00', 'E'),
(964, 2, '2020-10-23', '22:00:00', 'A'),
(965, 11, '2020-10-23', '23:00:00', 'D'),
(966, 13, '2020-10-23', '23:30:00', 'C'),
(967, 10, '2020-10-23', '16:00:00', 'A'),
(968, 8, '2020-10-24', '18:00:00', 'E'),
(969, 12, '2020-10-24', '19:00:00', 'D'),
(970, 5, '2020-10-24', '19:30:00', 'A'),
(971, 4, '2020-10-24', '20:00:00', 'B'),
(972, 16, '2020-10-24', '21:30:00', 'C'),
(973, 14, '2020-10-24', '22:00:00', 'E'),
(974, 1, '2020-10-24', '23:00:00', 'B'),
(975, 9, '2020-10-24', '23:30:00', 'C'),
(976, 6, '2020-10-24', '16:00:00', 'A'),
(977, 15, '2020-10-25', '18:00:00', 'D'),
(978, 3, '2020-10-25', '19:00:00', 'E'),
(979, 7, '2020-10-25', '19:30:00', 'A'),
(980, 2, '2020-10-25', '20:00:00', 'B'),
(981, 11, '2020-10-25', '21:30:00', 'D'),
(982, 13, '2020-10-25', '22:00:00', 'A'),
(983, 10, '2020-10-25', '23:00:00', 'E'),
(984, 8, '2020-10-25', '23:30:00', 'C'),
(985, 12, '2020-10-25', '16:00:00', 'D'),
(986, 5, '2020-10-26', '18:00:00', 'B'),
(987, 4, '2020-10-26', '19:00:00', 'C'),
(988, 16, '2020-10-26', '19:30:00', 'E'),
(989, 14, '2020-10-26', '20:00:00', 'D'),
(990, 1, '2020-10-26', '21:30:00', 'C'),
(991, 9, '2020-10-26', '22:00:00', 'A'),
(992, 6, '2020-10-26', '23:00:00', 'B'),
(993, 15, '2020-10-26', '23:30:00', 'E'),
(994, 3, '2020-10-26', '16:00:00', 'A'),
(995, 7, '2020-10-27', '18:00:00', 'B'),
(996, 2, '2020-10-27', '19:00:00', 'C'),
(997, 11, '2020-10-27', '19:30:00', 'D'),
(998, 13, '2020-10-27', '20:00:00', 'E'),
(999, 10, '2020-10-27', '21:30:00', 'C');
-- --------------------------------------------------------

--
-- Struttura della tabella `sala`
--

CREATE TABLE `sala` (
  `nome` varchar(20) NOT NULL,
  `posti` int(11) NOT NULL
) ENGINE=InnoDB DEFAULT CHARSET=utf8mb4;

--
-- Dump dei dati per la tabella `sala`
--

INSERT INTO `sala` (`nome`, `posti`) VALUES
('A', 70),
('B', 80),
('C', 130),
('D', 120),
('E', 100);

-- --------------------------------------------------------

--
-- Struttura della tabella `utente`
--

CREATE TABLE `utente` (
  `username` varchar(30) NOT NULL,
  `nome` varchar(30) NOT NULL,
  `cognome` varchar(30) NOT NULL,
  `email` varchar(40) NOT NULL,
  `password` longtext NOT NULL
) ENGINE=InnoDB DEFAULT CHARSET=utf8mb4;

--
-- Dump dei dati per la tabella `utente`
--

INSERT INTO `utente` (`username`, `nome`, `cognome`, `email`, `password`) VALUES
('admin', 'Admin', 'Admin', 'admin@hesperia.com', '$2y$10$C70.R9dQl3z5.IADahpKy..QRXu0H/mBkavpOAx7QwlwNGJJXmKMe'),
('mariorossi', 'Mario', 'Rossi', 'mario.rossi@hesperia.com', '$2y$10$cEytBta2UYGVi2drsCQ3UeRfQxbaiNIaomgvLBWe.6DUUnN7fpcsO'),
('user', 'user', 'user', 'user@hesperia.com', '$2y$10$IrRbDDaIblfNA1/gBGLZ/.cMmO3G4wrnn9l5oECDTSCXHCysQTev2'),
('utente', 'utente', 'utente', 'utente@hesperia.com', '$2y$10$a7wfUvFmhz/UJ4UfbHAwROSUE8V.1uHNqaHw1qVteWCQT5xm7W.9e');

--
-- Indici per le tabelle scaricate
--

--
-- Indici per le tabelle `film`
--
ALTER TABLE `film`
  ADD PRIMARY KEY (`cod`);

--
-- Indici per le tabelle `prenotazione`
--
ALTER TABLE `prenotazione`
  ADD PRIMARY KEY (`proiezione`,`utente`),
  ADD KEY `utente` (`utente`);

--
-- Indici per le tabelle `programmazione`
--
ALTER TABLE `programmazione`
  ADD PRIMARY KEY (`cod`),
  ADD KEY `film` (`film`),
  ADD KEY `sala` (`sala`);

--
-- Indici per le tabelle `sala`
--
ALTER TABLE `sala`
  ADD PRIMARY KEY (`nome`);

--
-- Indici per le tabelle `utente`
--
ALTER TABLE `utente`
  ADD PRIMARY KEY (`username`),
  ADD UNIQUE KEY `email` (`email`);

--
-- AUTO_INCREMENT per le tabelle scaricate
--

--
-- AUTO_INCREMENT per la tabella `film`
--
ALTER TABLE `film`
  MODIFY `cod` int(11) NOT NULL AUTO_INCREMENT, AUTO_INCREMENT=16;
ALTER TABLE `programmazione`
  MODIFY `cod` int(11) NOT NULL AUTO_INCREMENT, AUTO_INCREMENT=17;

--
-- Limiti per le tabelle scaricate
--

--
-- Limiti per la tabella `prenotazione`
--
ALTER TABLE `prenotazione`
  ADD CONSTRAINT `prenotazione_ibfk_1` FOREIGN KEY (`proiezione`) REFERENCES `programmazione` (`cod`),
  ADD CONSTRAINT `prenotazione_ibfk_2` FOREIGN KEY (`utente`) REFERENCES `utente` (`username`) ON DELETE CASCADE;

--
-- Limiti per la tabella `programmazione`
--
ALTER TABLE `programmazione`
  ADD CONSTRAINT `programmazione_ibfk_1` FOREIGN KEY (`film`) REFERENCES `film` (`cod`),
  ADD CONSTRAINT `programmazione_ibfk_2` FOREIGN KEY (`sala`) REFERENCES `sala` (`nome`);
COMMIT;

/*!40101 SET CHARACTER_SET_CLIENT=@OLD_CHARACTER_SET_CLIENT */;
/*!40101 SET CHARACTER_SET_RESULTS=@OLD_CHARACTER_SET_RESULTS */;
/*!40101 SET COLLATION_CONNECTION=@OLD_COLLATION_CONNECTION */;
